,labels,confidence
0,racism,0.92143154
1,racism,0.9103784
2,racism,0.82140243
3,racism,0.8029007
4,nothate,0.58015513
5,racism,0.9542889
6,racism,0.9446708
7,nothate,0.65940833
8,racism,0.9292856
9,racism,0.7799617
10,racism,0.77292216
11,hate,0.9783496
12,racism,0.8633626
13,racism,0.7107601
14,nothate,0.6262539
